Pick the gender you most identify with:,Which image looks more photo realistic? (33),Which image looks more photo realistic? (96),Which image looks more photo realistic? (148),Which image looks more photo realistic? (2393),Which image looks more photo realistic? (4645),Which image looks more photo realistic? (431),Which image looks more photo realistic? (1330),Which image looks more photo realistic? (1442),Which image looks more photo realistic? (1554),Which image looks more photo realistic? (1665),Which image looks more photo realistic? (6047),Which image looks more photo realistic? (1170),Which image looks more photo realistic? (1549),Which image looks more photo realistic? (2623),Which image looks more photo realistic? (2436),Which image looks more photo realistic? (1786),Which image looks more photo realistic? (1796),Which image looks more photo realistic? (3287),Which image looks more photo realistic? (2397),Which image looks more photo realistic? (2249),Which image looks more photo realistic? (521),Which image looks more photo realistic? (533),Which image looks more photo realistic? (944),Which image looks more photo realistic? (753),Which image looks more photo realistic? (857),Which image looks more photo realistic? (938),Which image looks more photo realistic? (955),Which image looks more photo realistic? (1009),Which image looks more photo realistic? (1106),Which image looks more photo realistic? (1247),Which image looks more photo realistic? (567),Which image looks more photo realistic? (626),Which image looks more photo realistic? (720),Which image looks more photo realistic? (739),Which image looks more photo realistic? (753),Which image looks more photo realistic? (762),Which image looks more photo realistic? (768),Which image looks more photo realistic? (826),Which image looks more photo realistic? (873),Which image looks more photo realistic? (2477),Which image looks more photo realistic? (2),Which image looks more photo realistic? (3157),Which image looks more photo realistic? (4307),Which image looks more photo realistic? (2393),Which image looks more photo realistic? (4645),Which image looks more photo realistic? (136),Which image looks more photo realistic? (157),Which image looks more photo realistic? (998),Which image looks more photo realistic? (1082),Which image looks more photo realistic? (1665),Which image looks more photo realistic? (6047),Which image looks more photo realistic? (1170),Which image looks more photo realistic? (1549),Which image looks more photo realistic? (2623),Which image looks more photo realistic? (2436),Which image looks more photo realistic? (1786),Which image looks more photo realistic? (1796),Which image looks more photo realistic? (3287),Which image looks more photo realistic? (2397),Which image looks more photo realistic? (2249),Which image looks more photo realistic? (234),Which image looks more photo realistic? (242),Which image looks more photo realistic? (263),Which image looks more photo realistic? (278),Which image looks more photo realistic? (316),Which image looks more photo realistic? (356),Which image looks more photo realistic? (5764),Which image looks more photo realistic? (3307),Which image looks more photo realistic? (2988),Which image looks more photo realistic? (507),Which image looks more photo realistic? (567),Which image looks more photo realistic? (626),Which image looks more photo realistic? (720),Which image looks more photo realistic? (739),Which image looks more photo realistic? (753),Which image looks more photo realistic? (762),Which image looks more photo realistic? (768),Which image looks more photo realistic? (826),Which image looks more photo realistic? (873),Which image looks more photo realistic? (2477),Which image looks more photo realistic? (58)
Female,A Draw,A Draw,A Draw,A Draw,A Draw,A Draw,A Draw,A Draw,A Draw,,,,,,,,,,,,A Draw,Left Image,A Draw,A Draw,Right Image,A Draw,A Draw,A Draw,A Draw,A Draw,,,,,,,,,,,Left Image,A Draw,Left Image,,Left Image,,,A Draw,,,Right Image,A Draw,,,Left Image,A Draw,,Left Image,,,A Draw,A Draw,A Draw,Left Image,,,,,Right Image,,,Right Image,A Draw,Right Image,A Draw,Right Image,,,,,A Draw
Male,Right Image,A Draw,Right Image,A Draw,Right Image,A Draw,A Draw,A Draw,Right Image,,,,,,,,,,,,A Draw,Left Image,Left Image,Left Image,A Draw,Left Image,A Draw,Left Image,A Draw,A Draw,,,,,,,,,,,Right Image,Right Image,A Draw,,Left Image,,,A Draw,,,Left Image,Left Image,,,Right Image,Right Image,,Left Image,,,A Draw,Left Image,Left Image,Left Image,,,,,A Draw,,,Left Image,Right Image,Right Image,Right Image,Left Image,,,,,A Draw
Female,Right Image,Left Image,Right Image,A Draw,Right Image,A Draw,A Draw,A Draw,A Draw,,,,,,,,,,,,A Draw,Left Image,Right Image,Left Image,A Draw,Left Image,A Draw,A Draw,Right Image,A Draw,,,,,,,,,,,Left Image,Left Image,Left Image,,Left Image,,,Left Image,,,Right Image,A Draw,,,A Draw,Right Image,,Left Image,,,Right Image,Left Image,A Draw,Left Image,,,,,Right Image,,,A Draw,Right Image,A Draw,Right Image,Right Image,,,,,Left Image
Female,Left Image,Right Image,Right Image,A Draw,Right Image,Left Image,A Draw,A Draw,A Draw,,,,,,,,,,,,A Draw,Left Image,Left Image,Left Image,A Draw,Left Image,A Draw,A Draw,Left Image,A Draw,,,,,,,,,,,Left Image,A Draw,Right Image,,Right Image,,,Left Image,,,Right Image,Right Image,,,A Draw,Left Image,,Left Image,,,Left Image,Right Image,Right Image,Left Image,,,,,A Draw,,,Left Image,Right Image,A Draw,Right Image,Right Image,,,,,Right Image
Female,Right Image,A Draw,A Draw,A Draw,A Draw,Left Image,A Draw,Right Image,A Draw,,,,,,,,,,,,A Draw,Left Image,Left Image,Left Image,A Draw,A Draw,A Draw,Right Image,A Draw,Left Image,,,,,,,,,,,Right Image,Right Image,Right Image,,Right Image,,,Right Image,,,Right Image,A Draw,,,A Draw,Right Image,,Right Image,,,Right Image,Left Image,A Draw,Left Image,,,,,Left Image,,,Left Image,A Draw,A Draw,A Draw,A Draw,,,,,A Draw
Female,Left Image,A Draw,Right Image,A Draw,Right Image,Right Image,A Draw,A Draw,Left Image,,,,,,,,,,,,Left Image,Left Image,Left Image,Left Image,A Draw,Left Image,Left Image,Left Image,A Draw,A Draw,,,,,,,,,,,Right Image,Right Image,Right Image,,Right Image,,,Right Image,,,Right Image,Right Image,,,Right Image,Right Image,,Right Image,,,Left Image,A Draw,Left Image,Left Image,,,,,Left Image,,,Left Image,Left Image,Left Image,Left Image,Left Image,,,,,Right Image
Male,Left Image,A Draw,Right Image,Right Image,Left Image,A Draw,A Draw,A Draw,A Draw,,,,,,,,,,,,A Draw,Left Image,Left Image,Right Image,A Draw,Right Image,Right Image,Right Image,A Draw,A Draw,,,,,,,,,,,Right Image,Right Image,Right Image,,Right Image,,,Right Image,,,Right Image,Left Image,,,Left Image,A Draw,,Left Image,,,Right Image,A Draw,Right Image,Left Image,,,,,A Draw,,,A Draw,Right Image,Left Image,A Draw,A Draw,,,,,A Draw
Male,Right Image,Left Image,Right Image,Right Image,Right Image,Right Image,Left Image,A Draw,Left Image,,,,,,,,,,,,A Draw,Left Image,Right Image,Left Image,Right Image,Left Image,Left Image,A Draw,A Draw,Right Image,,,,,,,,,,,Right Image,A Draw,Left Image,,A Draw,,,Right Image,,,A Draw,Right Image,,,Right Image,Left Image,,Right Image,,,Left Image,Left Image,Left Image,Left Image,,,,,Right Image,,,Right Image,Left Image,Left Image,A Draw,A Draw,,,,,Right Image
Male,Left Image,A Draw,A Draw,A Draw,A Draw,Left Image,A Draw,A Draw,A Draw,,,,,,,,,,,,Left Image,Right Image,Right Image,Right Image,A Draw,A Draw,Left Image,A Draw,A Draw,A Draw,,,,,,,,,,,A Draw,Right Image,Right Image,,A Draw,,,Right Image,,,Right Image,Left Image,,,Right Image,Right Image,,Left Image,,,Right Image,Left Image,A Draw,Left Image,,,,,Left Image,,,A Draw,A Draw,A Draw,Right Image,Right Image,,,,,A Draw
Female,Right Image,Left Image,Left Image,Right Image,Right Image,Right Image,Left Image,A Draw,Left Image,,,,,,,,,,,,Right Image,Left Image,Left Image,Right Image,A Draw,Left Image,A Draw,Left Image,A Draw,Right Image,,,,,,,,,,,Left Image,Right Image,Left Image,,Left Image,,,Right Image,,,Right Image,Left Image,,,Right Image,Left Image,,Right Image,,,Left Image,Right Image,Right Image,Left Image,,,,,Left Image,,,A Draw,Right Image,Left Image,Left Image,Left Image,,,,,Right Image
Female,Left Image,A Draw,A Draw,A Draw,A Draw,Left Image,A Draw,A Draw,A Draw,,,,,,,,,,,,A Draw,Right Image,Left Image,Right Image,A Draw,Right Image,Left Image,A Draw,Right Image,Left Image,,,,,,,,,,,Right Image,A Draw,Right Image,,A Draw,,,Right Image,,,Right Image,Right Image,,,Left Image,Right Image,,Right Image,,,Right Image,A Draw,A Draw,Left Image,,,,,Left Image,,,Right Image,Left Image,Left Image,Right Image,Right Image,,,,,Left Image
Female,Right Image,Left Image,A Draw,A Draw,Right Image,Right Image,Left Image,Left Image,A Draw,,,,,,,,,,,,A Draw,Left Image,Left Image,Left Image,A Draw,Left Image,Left Image,Left Image,A Draw,Left Image,,,,,,,,,,,Right Image,Right Image,Left Image,,A Draw,,,Right Image,,,Right Image,Right Image,,,Right Image,Right Image,,Right Image,,,A Draw,Left Image,Left Image,Left Image,,,,,Left Image,,,Right Image,Left Image,Left Image,Left Image,A Draw,,,,,A Draw
Male,Left Image,Right Image,Left Image,Left Image,Left Image,Left Image,A Draw,Right Image,Right Image,,,,,,,,,,,,Right Image,A Draw,A Draw,Right Image,A Draw,Left Image,Left Image,Right Image,Right Image,Left Image,,,,,,,,,,,Right Image,A Draw,Left Image,,Right Image,,,Right Image,,,Right Image,Right Image,,,Left Image,Left Image,,Right Image,,,Right Image,A Draw,Left Image,A Draw,,,,,A Draw,,,Left Image,Left Image,Right Image,A Draw,A Draw,,,,,Right Image
Male,Left Image,Left Image,Right Image,Right Image,Right Image,Left Image,Right Image,Left Image,A Draw,,,,,,,,,,,,Left Image,Left Image,Left Image,Right Image,Left Image,Left Image,Left Image,Right Image,Left Image,A Draw,,,,,,,,,,,A Draw,Right Image,Right Image,,Right Image,,,Right Image,,,Right Image,Left Image,,,Left Image,Left Image,,Right Image,,,Right Image,Left Image,A Draw,Left Image,,,,,Right Image,,,Right Image,Right Image,Left Image,Left Image,Left Image,,,,,Right Image
Prefer not to say,Left Image,A Draw,Right Image,A Draw,A Draw,Left Image,A Draw,A Draw,A Draw,,,,,,,,,,,,A Draw,Left Image,A Draw,Left Image,A Draw,Left Image,Left Image,A Draw,Right Image,A Draw,,,,,,,,,,,Right Image,Right Image,Left Image,,Right Image,,,A Draw,,,Left Image,A Draw,,,A Draw,Right Image,,A Draw,,,Left Image,Right Image,Left Image,Right Image,,,,,Right Image,,,Right Image,Left Image,Right Image,A Draw,Right Image,,,,,A Draw
